qId,category,official_source_url,official_pdf_sha256,pdf_page_1based,source_kind,source_ref,source_hash,expected_before_stem_sha256,replacement_stem_sha256,expected_label_sequence,insertion_offsets,source_statement_count,protected_fields,status
H28takken-007,count,https://www.retio.or.jp/wp-content/uploads/2024/10/H28-q_a.pdf,87923a2870184f9a0a26c76c056255aa94fa50242ff9aeda0a61eadf64699983,5,RETIO_official_question_pdf,https://takken-siken.com/kakomon/2016/07.html,cbf4ee8281d480fef7476db7f140813d08334dc3c80d760c586d6412dc23ff43,7871e3748f80a15fc2f83bdc8260cdb51ee3d5f617899d7012da54d76bdd328b,d816d218d6a4360c0681b8f01afaa562222d3643111393a09c62f80a738f8591,ア・イ・ウ,137;187;243,3,"choiceA-D,choiceE,correct,explain*,imageUrl,choiceImageUrl,source_ref",approved_label_only_patch
H28takken-028,combination,https://www.retio.or.jp/wp-content/uploads/2024/10/H28-q_a.pdf,87923a2870184f9a0a26c76c056255aa94fa50242ff9aeda0a61eadf64699983,15,RETIO_official_question_pdf,https://takken-siken.com/kakomon/2016/28.html,16af863bb3c2151fb094de6f1b1e9692de11f7436aa213c3aa831c7a4b68b244,e4c9bb4090e7b390a771c9de8bcc4b0f0cf6b17d2918eedbdfa1c478e72bd0f8,33d6f55c6d9bb8a802a0ae53a7523f083c2aa6d21a3cd7e85dc2926cf365f7b2,ア・イ・ウ・エ,120;223;292;372,4,"choiceA-D,choiceE,correct,explain*,imageUrl,choiceImageUrl,source_ref",approved_label_only_patch
H28takken-029,combination,https://www.retio.or.jp/wp-content/uploads/2024/10/H28-q_a.pdf,87923a2870184f9a0a26c76c056255aa94fa50242ff9aeda0a61eadf64699983,15,RETIO_official_question_pdf,https://takken-siken.com/kakomon/2016/29.html,7f252d00393edd44d4ea7e0ca17c4c673f0164ac512a981ce048fbbee4c19580,e73650739c7fcbae8e511718db9ea43a681161deec5adb8f1e61e103b1ed51b2,8bbdf421d51f916ef1f1f8f3046ea9a703352f4fe40d52e0ea07556c44ebeae7,ア・イ・ウ・エ,69;164;222;298,4,"choiceA-D,choiceE,correct,explain*,imageUrl,choiceImageUrl,source_ref",approved_label_only_patch
H28takken-033,count,https://www.retio.or.jp/wp-content/uploads/2024/10/H28-q_a.pdf,87923a2870184f9a0a26c76c056255aa94fa50242ff9aeda0a61eadf64699983,17,RETIO_official_question_pdf,https://takken-siken.com/kakomon/2016/33.html,fe506c23d5ef121270902a1b351b0d1f1b72180da84fd96d7a50bb08d34bd021,4a1831b2004ab73190250f4fda15b17fd1417a496dc9d77324979ba291dd9b44,e5957b8103d4b6b875c418f98642130974e0fc8338747e7fc73072d9421d5c46,ア・イ・ウ,74;162;237,3,"choiceA-D,choiceE,correct,explain*,imageUrl,choiceImageUrl,source_ref",approved_label_only_patch
H28takken-036,count,https://www.retio.or.jp/wp-content/uploads/2024/10/H28-q_a.pdf,87923a2870184f9a0a26c76c056255aa94fa50242ff9aeda0a61eadf64699983,19,RETIO_official_question_pdf,https://takken-siken.com/kakomon/2016/36.html,adab5fa4cf746f1a2519e6f9720ab2f11b3c19a5935dc40f469058e4a5835de1,3c8219eafacd07cf8605d8d7d7b2487987099eef5086cb5ba88b9e9781b13263,0cdb7a91ea559e60538322812a4fa19e056d8fd0d53ee8dd02e7f53290d500d9,ア・イ・ウ・エ,60;181;272;376,4,"choiceA-D,choiceE,correct,explain*,imageUrl,choiceImageUrl,source_ref",approved_label_only_patch
H28takken-037,count,https://www.retio.or.jp/wp-content/uploads/2024/10/H28-q_a.pdf,87923a2870184f9a0a26c76c056255aa94fa50242ff9aeda0a61eadf64699983,20,RETIO_official_question_pdf,https://takken-siken.com/kakomon/2016/37.html,cfaa6dd51474c7355f627b377ce90906973c11a6e2a0e3f5a2a72fecf9cfd0fd,c980aa2ee08aff03442312953f9f47e7d4fa1e402fe1f062e306646dfac0f0eb,08f700d1d31e4464e100a0b22abac7848ba27e8e868d5c8f6636abedcd119d39,ア・イ・ウ・エ,54;156;275;359,4,"choiceA-D,choiceE,correct,explain*,imageUrl,choiceImageUrl,source_ref",approved_label_only_patch
H28takken-038,count,https://www.retio.or.jp/wp-content/uploads/2024/10/H28-q_a.pdf,87923a2870184f9a0a26c76c056255aa94fa50242ff9aeda0a61eadf64699983,21,RETIO_official_question_pdf,https://takken-siken.com/kakomon/2016/38.html,c39ad18f731554c5866a28c144b5e7c038143c0bea68cbed469c264e28ea4165,8b7349f7e51b2505b515601b2362c593023b3a6560784c8bd725e33fc39fee65,b55c9d2f4f69f5fe303801deb6c185d50636355d4cd02def38066e23c41e6f8b,ア・イ・ウ・エ,80;178;303;432,4,"choiceA-D,choiceE,correct,explain*,imageUrl,choiceImageUrl,source_ref",approved_label_only_patch
H28takken-043,count,https://www.retio.or.jp/wp-content/uploads/2024/10/H28-q_a.pdf,87923a2870184f9a0a26c76c056255aa94fa50242ff9aeda0a61eadf64699983,23,RETIO_official_question_pdf,https://takken-siken.com/kakomon/2016/43.html,41248347ac2d79c9f12bdf9d8d717d2b8b833dc8aee1ab382da4502f23402863,a8d10debb3c3e1c02ffe9c8f0ff2dcf43f35fbacb7d15caf0826547a8b94c56d,991744b07400d9cf4be23846de75f0a2f402e7367970af6e9b892e9fc7df1668,ア・イ・ウ・エ,143;213;323;421,4,"choiceA-D,choiceE,correct,explain*,imageUrl,choiceImageUrl,source_ref",approved_label_only_patch
H29takken-016,combination,https://www.retio.or.jp/wp-content/uploads/2024/10/H29-q_a.pdf,8dea64d2b2eef90b99fc5c2e00c1bab86ec59aa16a8619d179df20ca215f162c,9,RETIO_official_question_pdf,https://takken-siken.com/kakomon/2017/16.html,c73eb39501a5392e5b21c1298c431603a3274ef54647fba94e840a560b7b43e2,64827ccb4aea1a03500b624e98c4a540a24b25f0626fb8a93fe37d2b5059d1ca,82d3e9b8ba1bbae173aef6f59caefeabf9372761a80d955e5249c45b707987fb,ア・イ・ウ・エ,31;123;205;319,4,"choiceA-D,choiceE,correct,explain*,imageUrl,choiceImageUrl,source_ref",approved_label_only_patch
H29takken-027,count,https://www.retio.or.jp/wp-content/uploads/2024/10/H29-q_a.pdf,8dea64d2b2eef90b99fc5c2e00c1bab86ec59aa16a8619d179df20ca215f162c,14,RETIO_official_question_pdf,https://takken-siken.com/kakomon/2017/27.html,b5efc5b65cb8f82522e4605e3da3668867135fadd360e539a7b0d606854ce889,2fb5e7025e7527d4ff08317d101b7ab0b9ddeca8c9904ebbe931b25b1c339beb,06e567f9fb87ad0103209340b5975f65b751c2b0ec9400036b58580c0997000d,ア・イ・ウ,92;203;301,3,"choiceA-D,choiceE,correct,explain*,imageUrl,choiceImageUrl,source_ref",approved_label_only_patch
H29takken-028,count,https://www.retio.or.jp/wp-content/uploads/2024/10/H29-q_a.pdf,8dea64d2b2eef90b99fc5c2e00c1bab86ec59aa16a8619d179df20ca215f162c,15,RETIO_official_question_pdf,https://takken-siken.com/kakomon/2017/28.html,65c1745ea15ccda5fe7ae331de70a13fcd44c53899c4987ce0f628ed6ff6da08,8d059d0ec1638af2500dbbc4ee25b697bc95bb2d4143dc5b35905d65653ab7f4,63b9bb5b54ea7116633b40ee9e712392d85e2584b7528228873bcd004ffabd44,ア・イ・ウ・エ,71;147;227;337,4,"choiceA-D,choiceE,correct,explain*,imageUrl,choiceImageUrl,source_ref",approved_label_only_patch
H29takken-031,count,https://www.retio.or.jp/wp-content/uploads/2024/10/H29-q_a.pdf,8dea64d2b2eef90b99fc5c2e00c1bab86ec59aa16a8619d179df20ca215f162c,16,RETIO_official_question_pdf,https://takken-siken.com/kakomon/2017/31.html,f09e9797ad7f8d57081137789992ceb61bb28449ab1a141646c18bac454d73e1,9e47a768a3e1e0d461541eeba1c8bd15bf6bc2b449279236b1fbd25a7ac4d172,b812bcfcb11055d4ddc44ba4cafae7717ffea765bde925eaba7fb9617b8712a5,ア・イ・ウ,126;204;277,3,"choiceA-D,choiceE,correct,explain*,imageUrl,choiceImageUrl,source_ref",approved_label_only_patch
H29takken-039,count,https://www.retio.or.jp/wp-content/uploads/2024/10/H29-q_a.pdf,8dea64d2b2eef90b99fc5c2e00c1bab86ec59aa16a8619d179df20ca215f162c,20,RETIO_official_question_pdf,https://takken-siken.com/kakomon/2017/39.html,599dedc1c48005757cb3d1b1161e0b93f20fba70022a65784427c3b17cc328d2,13fbd633efe50916bad64b4e4635cfa5290149d2e5892b5167158f308cdac747,9395d3632e08f1e66b01da2700a1cf92ecb0d98e568cbace3d50fb910665e1e6,ア・イ・ウ・エ,110;197;310;367,4,"choiceA-D,choiceE,correct,explain*,imageUrl,choiceImageUrl,source_ref",approved_label_only_patch
H29takken-042,count,https://www.retio.or.jp/wp-content/uploads/2024/10/H29-q_a.pdf,8dea64d2b2eef90b99fc5c2e00c1bab86ec59aa16a8619d179df20ca215f162c,22,RETIO_official_question_pdf,https://takken-siken.com/kakomon/2017/42.html,7f83a84168cb51f70e5796d8882491a747b99f89e958cb02a51f84230ee0c2f6,2da5e391f645fb4287909d821f8bad96dbd4fefce146ff42408cce54a00d418a,486ca36f8669d1f7301c7223b54511cf7f319fdcad6dfb6112e42980cf2d6e89,ア・イ・ウ・エ,54;100;199;297,4,"choiceA-D,choiceE,correct,explain*,imageUrl,choiceImageUrl,source_ref",approved_label_only_patch
H29takken-043,count,https://www.retio.or.jp/wp-content/uploads/2024/10/H29-q_a.pdf,8dea64d2b2eef90b99fc5c2e00c1bab86ec59aa16a8619d179df20ca215f162c,23,RETIO_official_question_pdf,https://takken-siken.com/kakomon/2017/43.html,42888f38139ed1cc8d1239f5a0fb5207f3e144717aaf11fc69d502d69a802d15,562184444c1af5d29d594f192a9cf64c5da65a4f3047873b3c026cd3c76f697a,9b8fb4540e2d285757d80c16306d3e7dbddc4036c1ebade027c47ee61f3d3c36,ア・イ・ウ・エ,127;228;341;447,4,"choiceA-D,choiceE,correct,explain*,imageUrl,choiceImageUrl,source_ref",approved_label_only_patch
H30takken-028,count,https://www.retio.or.jp/wp-content/uploads/2024/10/H30-q_a.pdf,f2fb8a79c7c6394b6a397383df5551b898e03aa684d162073b291a22fbe3ed72,15,RETIO_official_question_pdf,https://takken-siken.com/kakomon/2018/28.html,7cbcedcaef6452f8d31cc7f8c0a449702f702af0f2ba61979f25cc2a5b335e00,e7d0eb37a8fe7e0d9aaa599176fbe1d7f246adfcbf19fda32e9c2c27e85540a9,50af6c8c940e53c474773ae55282fa06b17df3214436581fe84ada8bacbadb30,ア・イ・ウ・エ,55;156;227;329,4,"choiceA-D,choiceE,correct,explain*,imageUrl,choiceImageUrl,source_ref",approved_label_only_patch
H30takken-034,combination,https://www.retio.or.jp/wp-content/uploads/2024/10/H30-q_a.pdf,f2fb8a79c7c6394b6a397383df5551b898e03aa684d162073b291a22fbe3ed72,18,RETIO_official_question_pdf,https://takken-siken.com/kakomon/2018/34.html,348a0ea8f78745ee04feb7a6a6c366d443d592c4746db83407fcf3de1b6c333e,358f950abedac1e7e886e85da64758aaf1f7d6b58d45e80cda63abcad3e0c0d3,d83e3642ad228f61816cf751897fb23279cfba755c5a645968b4fa7c7914c8ed,ア・イ・ウ・エ,98;144;168;177,4,"choiceA-D,choiceE,correct,explain*,imageUrl,choiceImageUrl,source_ref",approved_label_only_patch
H30takken-037,count,https://www.retio.or.jp/wp-content/uploads/2024/10/H30-q_a.pdf,f2fb8a79c7c6394b6a397383df5551b898e03aa684d162073b291a22fbe3ed72,20,RETIO_official_question_pdf,https://takken-siken.com/kakomon/2018/37.html,b386ea3554161d02415b5f7909f11f5b171bfd394d7d3d39009755353e468bdd,5ef67be1d402e1565ab2b041e3262455ca4927b16c3ae4d78ab31fa9a6c680e0,4ad8aa35d3193eef4f4b53eaaf9e15c25c8adf9772f136d3978557cb0ad21b38,ア・イ・ウ・エ,129;237;309;406,4,"choiceA-D,choiceE,correct,explain*,imageUrl,choiceImageUrl,source_ref",approved_label_only_patch
H30takken-040,count,https://www.retio.or.jp/wp-content/uploads/2024/10/H30-q_a.pdf,f2fb8a79c7c6394b6a397383df5551b898e03aa684d162073b291a22fbe3ed72,22,RETIO_official_question_pdf,https://takken-siken.com/kakomon/2018/40.html,ab844c92dce46a12a8494671f92e15b2a91c54b02b4b28e3404d9d5cbb8b2a99,d373cc81141c0caf3fa5149baf768f649c1f326091bb6aaaf3a0ee8730630e42,1a40826d86191b9a08e2d05d9b25f0301fce4bb43f491f4143e9c9e1736b0870,ア・イ・ウ・エ,52;122;198;276,4,"choiceA-D,choiceE,correct,explain*,imageUrl,choiceImageUrl,source_ref",approved_label_only_patch
R1takken-027,count,https://www.retio.or.jp/wp-content/uploads/2024/10/R1-q_a.pdf,c0fe7658da533768c01904ce1aa298b204f6c6309cee6c475ff5e3d46a97b772,14,RETIO_official_question_pdf,https://takken-siken.com/kakomon/2019/27.html,02e6389cae8d5dffff9fa19a34e9a9b14a31f16e73d6061f4399019c1e49c295,e0b9571005e0178f506628a44ae94093e2f97f7eae88440028023d6a5dfaca46,167d538dbc366c0a425b44415b3ece583b67a9785351ff399398e434a7300620,ア・イ・ウ・エ,61;134;291;348,4,"choiceA-D,choiceE,correct,explain*,imageUrl,choiceImageUrl,source_ref",approved_label_only_patch
R1takken-029,count,https://www.retio.or.jp/wp-content/uploads/2024/10/R1-q_a.pdf,c0fe7658da533768c01904ce1aa298b204f6c6309cee6c475ff5e3d46a97b772,15,RETIO_official_question_pdf,https://takken-siken.com/kakomon/2019/29.html,eb0574fa7cec204984382986945377dcff2d6f145087937ae898e28c5ad9e8ff,233398c6b284ede4919ba8d694b507f8d70f4e9e352b1b42700f4385f096377f,e5e6e2412913152f5b6cb1204d411d301b1edb6aa3f24f3416beb67335d2c71b,ア・イ・ウ・エ,66;180;264;329,4,"choiceA-D,choiceE,correct,explain*,imageUrl,choiceImageUrl,source_ref",approved_label_only_patch
R1takken-030,count,https://www.retio.or.jp/wp-content/uploads/2024/10/R1-q_a.pdf,c0fe7658da533768c01904ce1aa298b204f6c6309cee6c475ff5e3d46a97b772,16,RETIO_official_question_pdf,https://takken-siken.com/kakomon/2019/30.html,0d1e972086d296eb5b960b508ba85c5779cd6a97af895eceee02c1490c52955e,af090594b41d8d96168ebcab94062a0987cb51a2ac4839aa0f2efd922ae7456f,b8fcce9845ad3946952bf91ac604c4266b1c9a6496941c40d86602faa14062fb,ア・イ・ウ・エ,51;138;191;267,4,"choiceA-D,choiceE,correct,explain*,imageUrl,choiceImageUrl,source_ref",approved_label_only_patch
R1takken-031,count,https://www.retio.or.jp/wp-content/uploads/2024/10/R1-q_a.pdf,c0fe7658da533768c01904ce1aa298b204f6c6309cee6c475ff5e3d46a97b772,16,RETIO_official_question_pdf,https://takken-siken.com/kakomon/2019/31.html,da50ba0dcede1315f16155341b63c7691ee772d995b1727bec89b8e20b28e84d,e0502fa859790537684b951b65a36cfe0c5cf33264dda0a357eafe601584998f,e8f882cc6e3e29c96bf986a678131aa639622dcf286fe02439e546842c2a39b3,ア・イ・ウ・エ,119;196;240;289,4,"choiceA-D,choiceE,correct,explain*,imageUrl,choiceImageUrl,source_ref",approved_label_only_patch
R1takken-036,count,https://www.retio.or.jp/wp-content/uploads/2024/10/R1-q_a.pdf,c0fe7658da533768c01904ce1aa298b204f6c6309cee6c475ff5e3d46a97b772,19,RETIO_official_question_pdf,https://takken-siken.com/kakomon/2019/36.html,ece9db3ae28d9fded8f7fb98b4ba4477cd98746415f741c662e3c2376c523235,38a9232b15ed31064660b5ed5666b2d03e8d7a48d5da011b5c8117ff6edba2fd,00452d92bab30648cea1574f72d6cfeb997fd07d595747c75cdfc7eb2ee1ebd9,ア・イ・ウ・エ,154;257;368;478,4,"choiceA-D,choiceE,correct,explain*,imageUrl,choiceImageUrl,source_ref",approved_label_only_patch
R1takken-038,count,https://www.retio.or.jp/wp-content/uploads/2024/10/R1-q_a.pdf,c0fe7658da533768c01904ce1aa298b204f6c6309cee6c475ff5e3d46a97b772,20,RETIO_official_question_pdf,https://takken-siken.com/kakomon/2019/38.html,21c5cc436201b6d995d28181d231282108f2d59d0de47ad50313a7a344b08b14,7e757da6df93dbc834d3ab69dc2e7d9abe1db2180a65f860de25bc365359db80,9e341571fba3889b974a17d3e49cd5b00ae775ce375d31dab53fd4a40054223b,ア・イ・ウ,115;192;357,3,"choiceA-D,choiceE,correct,explain*,imageUrl,choiceImageUrl,source_ref",approved_label_only_patch
R2atakken-027,count,https://www.retio.or.jp/wp-content/uploads/2024/10/R2-question.pdf,a6dd351660b249a88c9d641bc3f82f2e13c06f9edc429b50b179c90efac61af4,16,RETIO_official_question_pdf,https://takken-siken.com/kakomon/2020-1/27.html,5d24a253b720466007f70450c941906faa6a81e021043a962f262e5bcd25da25,ddfaffc0b16042e3248cd010646bbfe208b1f2d39d2611bda786b5b3f3380b04,2ab13de84698774914006eb87694d4c59b010ea51aa67cf9d2ed077401f56b51,ア・イ・ウ・エ,62;195;314;371,4,"choiceA-D,choiceE,correct,explain*,imageUrl,choiceImageUrl,source_ref",approved_label_only_patch
R2atakken-029,count,https://www.retio.or.jp/wp-content/uploads/2024/10/R2-question.pdf,a6dd351660b249a88c9d641bc3f82f2e13c06f9edc429b50b179c90efac61af4,17,RETIO_official_question_pdf,https://takken-siken.com/kakomon/2020-1/29.html,4b99c3d82975db4b7c0c123037e7d533e2273dc1faf6ffdb223298f2a531180e,39f5b20572d9e483f32cbf2fb7e891878107c2e53540cc20921a64e8ccfdd42d,2bff07388db00405b253777e3df83e9b6d88f2b16c4b4973f5ed0c8ccc60bf60,ア・イ・ウ・エ,142;212;309;391,4,"choiceA-D,choiceE,correct,explain*,imageUrl,choiceImageUrl,source_ref",approved_label_only_patch
R2atakken-037,count,https://www.retio.or.jp/wp-content/uploads/2024/10/R2-question.pdf,a6dd351660b249a88c9d641bc3f82f2e13c06f9edc429b50b179c90efac61af4,21,RETIO_official_question_pdf,https://takken-siken.com/kakomon/2020-1/37.html,29cca6dc028c3688501ef1171e510bbb89608f97982fa548f352c054df69a1d9,1f7da34c20a816fa087da95af3d2b2a202141bf8d573aade93d3bd433fd9f0ff,d83af2d73f5133456e956bf4a4c213ff2e7cf901ab96bc8bccf9423dac8837cf,ア・イ・ウ・エ,163;210;242;284,4,"choiceA-D,choiceE,correct,explain*,imageUrl,choiceImageUrl,source_ref",approved_label_only_patch
R2atakken-040,count,https://www.retio.or.jp/wp-content/uploads/2024/10/R2-question.pdf,a6dd351660b249a88c9d641bc3f82f2e13c06f9edc429b50b179c90efac61af4,23,RETIO_official_question_pdf,https://takken-siken.com/kakomon/2020-1/40.html,c9a708f62e7445c1dbd1bf72bf58b2ba48684156195f182c04a29eac33788579,cfda401dbe385367fa13877398c0b2ae3d9473ac9995d243a4aea933ab44d4b7,5b69ceb0364f3e66ee7dfc98a6392db6923e51049ed2b344697df3488570e513,ア・イ・ウ・エ,137;242;309;373,4,"choiceA-D,choiceE,correct,explain*,imageUrl,choiceImageUrl,source_ref",approved_label_only_patch
R2btakken-008,combination,https://www.retio.or.jp/wp-content/uploads/2024/10/R2-question_002.pdf,3e771375cee071c58baf64f51d5ca344163a45f1df00ef18abf2402c7bf24104,5,RETIO_official_question_pdf,https://takken-siken.com/kakomon/2020-2/08.html,05d7c5d2ee2c22bb5b1d34620d2bcf3b359ae634f315015e7720418b13f7316c,c2108a15d32450ab23f78f8565608d9d70b36b717a38b47f164219b6532b65e4,713704458d0cdba16e75b1f2e5f7cc81b1bc032eb3aa5673df777e92b8ecf87c,ア・イ・ウ・エ,69;121;188;243,4,"choiceA-D,choiceE,correct,explain*,imageUrl,choiceImageUrl,source_ref",approved_label_only_patch
R2btakken-028,count,https://www.retio.or.jp/wp-content/uploads/2024/10/R2-question_002.pdf,3e771375cee071c58baf64f51d5ca344163a45f1df00ef18abf2402c7bf24104,15,RETIO_official_question_pdf,https://takken-siken.com/kakomon/2020-2/28.html,a0294609b13c16b7f07fec623430dbdfe5ea85afe73fdfb76e05036ac81a6acd,fa3d282302ed8d35898d6c6076ef838313c96ff140e618ed17a18aa71732593e,f98ff9f48ceacb5dc3c331a30256735f94c5e9502c0e90f6712615ebfc37ad1a,ア・イ・ウ・エ,168;287;351;525,4,"choiceA-D,choiceE,correct,explain*,imageUrl,choiceImageUrl,source_ref",approved_label_only_patch
R2btakken-032,count,https://www.retio.or.jp/wp-content/uploads/2024/10/R2-question_002.pdf,3e771375cee071c58baf64f51d5ca344163a45f1df00ef18abf2402c7bf24104,17,RETIO_official_question_pdf,https://takken-siken.com/kakomon/2020-2/32.html,2934e9d42b23e46b1544642fc91f3e05e8a5eb63e7bf9260bd112691fe7b96c9,08ed02b180133929c13a7a36a7b3b154b8029d9bc8b17ffe7b84588b010e6056,03e2448e1040ec06807526c38eceb0a75a97cf410f87355eb7d03dad375b9325,ア・イ・ウ・エ,88;189;284;356,4,"choiceA-D,choiceE,correct,explain*,imageUrl,choiceImageUrl,source_ref",approved_label_only_patch
R2btakken-035,count,https://www.retio.or.jp/wp-content/uploads/2024/10/R2-question_002.pdf,3e771375cee071c58baf64f51d5ca344163a45f1df00ef18abf2402c7bf24104,19,RETIO_official_question_pdf,https://takken-siken.com/kakomon/2020-2/35.html,264f21fe3ac8d8b5107fb2e77217a6045b516b32f03e4fbeeb9f2bb9f72d2ae7,028c53d96d550fc6396c8ca84981997eec7d36d28aae5c54d6f0b02daf2f7a8b,7c595e4a572ef80089d5456e377aa39fa27e69c1b49e592f3ee2827b1fef01e6,ア・イ・ウ・エ,146;230;317;414,4,"choiceA-D,choiceE,correct,explain*,imageUrl,choiceImageUrl,source_ref",approved_label_only_patch
R2btakken-038,count,https://www.retio.or.jp/wp-content/uploads/2024/10/R2-question_002.pdf,3e771375cee071c58baf64f51d5ca344163a45f1df00ef18abf2402c7bf24104,20,RETIO_official_question_pdf,https://takken-siken.com/kakomon/2020-2/38.html,ff3908b72e39b4e0758e79503a3361c511c209d8d3bee4fc29c9b9a582cb7e23,1caaba71e5a2c7320b0b6ce07960ea7a05845d5f45ffc49e0803d76a1f147346,bfc8b5b38597436a1f42b1664134fdd15e92feda719c182c71ef52ba9e48e131,ア・イ・ウ・エ,52;169;225;314,4,"choiceA-D,choiceE,correct,explain*,imageUrl,choiceImageUrl,source_ref",approved_label_only_patch
R2btakken-044,count,https://www.retio.or.jp/wp-content/uploads/2024/10/R2-question_002.pdf,3e771375cee071c58baf64f51d5ca344163a45f1df00ef18abf2402c7bf24104,24,RETIO_official_question_pdf,https://takken-siken.com/kakomon/2020-2/44.html,856a10edc0f60db63a0b713c2365e33b8dd0363f95a1665b7086fbf251403f29,401508a4a5568cae2f16f4a4f559dd4d9834a2bf6f4f8b65a63ed3f8e37d51df,d9e36638a1f4ccb3055e4b6c834873cb2e0a0c5bdcae16111f8dd980a728aca3,ア・イ・ウ・エ,33;92;133;186,4,"choiceA-D,choiceE,correct,explain*,imageUrl,choiceImageUrl,source_ref",approved_label_only_patch
R3atakken-003,count,https://www.retio.or.jp/wp-content/uploads/2024/12/R3-question.pdf,ad436ace2388e21860ea59b7bbd9482a0b4d15422737f3fc1b44291764569219,4,RETIO_official_question_pdf,https://takken-siken.com/kakomon/2021-1/03.html,35ed72c364d987fec5795b05631d48a0550dce9522ab7191c079e376450181c8,5607a695c548ca8ea74bbc0b007dbd2c2a621edbbe476b3c3572cb4c777b1d71,31644a2155850682a392bfe0afd5f71430b0dec8e6f7f4ba2d59da64fa62ce56,ア・イ・ウ・エ,87;169;286;366,4,"choiceA-D,choiceE,correct,explain*,imageUrl,choiceImageUrl,source_ref",approved_label_only_patch
R3atakken-030,count,https://www.retio.or.jp/wp-content/uploads/2024/12/R3-question.pdf,ad436ace2388e21860ea59b7bbd9482a0b4d15422737f3fc1b44291764569219,18,RETIO_official_question_pdf,https://takken-siken.com/kakomon/2021-1/30.html,a303f27fecce1666e452c1f7616199314c6ec8980bf2e94ab60084a717581952,d8ab9460b290e56b292c37ddadbb87c791c29b4dd63b61a4fe6d4076c7cb8429,d0fb01339223ecfdec9f57841de4a8620083c055d1ea1974306586e8633ef556,ア・イ・ウ・エ,62;114;189;259,4,"choiceA-D,choiceE,correct,explain*,imageUrl,choiceImageUrl,source_ref",approved_label_only_patch
R3atakken-035,count,https://www.retio.or.jp/wp-content/uploads/2024/12/R3-question.pdf,ad436ace2388e21860ea59b7bbd9482a0b4d15422737f3fc1b44291764569219,20,RETIO_official_question_pdf,https://takken-siken.com/kakomon/2021-1/35.html,6d1b05968fbba590c850cfeb218001ebb121929ca9690b4e22371070edd7ee93,fcf5e5e152efc308d34a74b5d96df67a814e1d2dd53f8dd971a35e8a5f8988c3,867000081212437cfd13eebd143ff7b676375c79d9d7779069df02340099f906,ア・イ・ウ・エ,64;157;286;346,4,"choiceA-D,choiceE,correct,explain*,imageUrl,choiceImageUrl,source_ref",approved_label_only_patch
R3atakken-041,count,https://www.retio.or.jp/wp-content/uploads/2024/12/R3-question.pdf,ad436ace2388e21860ea59b7bbd9482a0b4d15422737f3fc1b44291764569219,23,RETIO_official_question_pdf,https://takken-siken.com/kakomon/2021-1/41.html,1859e92a9001a0d6c32bbf389ce1b0a98b4ef373a98c068d6cb5445936b932f3,9a9a4152b8d2b0cd804475c4b7f522b4b965c207feac252cb71057afe6ebcfc8,9790686dadbf9118e00cd64d4e58f880a13afde9e5ba94c030d9beef50c4da4e,ア・イ・ウ・エ,103;209;310;363,4,"choiceA-D,choiceE,correct,explain*,imageUrl,choiceImageUrl,source_ref",approved_label_only_patch
R3atakken-043,count,https://www.retio.or.jp/wp-content/uploads/2024/12/R3-question.pdf,ad436ace2388e21860ea59b7bbd9482a0b4d15422737f3fc1b44291764569219,24,RETIO_official_question_pdf,https://takken-siken.com/kakomon/2021-1/43.html,0684b6f4451178f4355effaca52b7720648ec4364f2943056c2ef59eaf038a68,d8ae8e5ceba766a887bc2ee25265bb5280cf9ad26a1e2507a17dfdfa19862df1,ceda0d562a26c31a5367ff2496d5794a61297e581554dc240fa0f6ea57c844d2,ア・イ・ウ・エ,49;115;203;262,4,"choiceA-D,choiceE,correct,explain*,imageUrl,choiceImageUrl,source_ref",approved_label_only_patch
R3btakken-028,count,https://www.retio.or.jp/wp-content/uploads/2024/12/R3-question_002.pdf,88beed8b5280e76b35b57c2894ed3be35453ccf3dfc76dbc2d8f6ff195b74e45,16,RETIO_official_question_pdf,https://takken-siken.com/kakomon/2021-2/28.html,902e0c6c09fbb25e4447e2a39f887cd41d5f4084665867c24f169a4305fdbc1e,b4e5936aa1ee0be9965357ca3d2628808e71a4c36b77f3203a862aefd0a15a04,afca1afc7a756ed6d0874cd18ff790164942cda51fed40c73ec4f6ab4ee1a9dc,ア・イ・ウ・エ,88;142;198;278,4,"choiceA-D,choiceE,correct,explain*,imageUrl,choiceImageUrl,source_ref",approved_label_only_patch
R3btakken-031,count,https://www.retio.or.jp/wp-content/uploads/2024/12/R3-question_002.pdf,88beed8b5280e76b35b57c2894ed3be35453ccf3dfc76dbc2d8f6ff195b74e45,18,RETIO_official_question_pdf,https://takken-siken.com/kakomon/2021-2/31.html,0bfbc97443a82703f75077e7e6a4d373f69b8509761b6ecce7f3689f35436322,a8cbc68ef03629964306b42c1a50a7b46c3319ccd9649331285e8e14453fac03,d0154e1c52e597783b270a30ea8ee5b84b0221759b1f7762f78c07e6961a0bc9,ア・イ・ウ・エ,253;330;390;461,4,"choiceA-D,choiceE,correct,explain*,imageUrl,choiceImageUrl,source_ref",approved_label_only_patch
R3btakken-033,count,https://www.retio.or.jp/wp-content/uploads/2024/12/R3-question_002.pdf,88beed8b5280e76b35b57c2894ed3be35453ccf3dfc76dbc2d8f6ff195b74e45,19,RETIO_official_question_pdf,https://takken-siken.com/kakomon/2021-2/33.html,9da506ab64086ce1a0b36471d228af6e29185c9732890e945f427ac6da3600bb,a365d59264c3a4260942626dae12bc9cf916228a256c3f44582ae798be34fc1e,6fc1fd581c1f0a4f5e8ca2d3c04920e2f3a35a5836ab1d22e5ec19c4f9a938b3,ア・イ・ウ・エ,166;234;356;429,4,"choiceA-D,choiceE,correct,explain*,imageUrl,choiceImageUrl,source_ref",approved_label_only_patch
R3btakken-042,count,https://www.retio.or.jp/wp-content/uploads/2024/12/R3-question_002.pdf,88beed8b5280e76b35b57c2894ed3be35453ccf3dfc76dbc2d8f6ff195b74e45,23,RETIO_official_question_pdf,https://takken-siken.com/kakomon/2021-2/42.html,b42cdd075cb337c86d7a3f6877e0853fd1209039d6f9f5117449b17e75bf0d0a,3e0e0d89e911b40fe1566745a7bb1e57e179012b78518484932709f79bfb9fa1,5a3c3698ec39d8b39a2d206ce4bb1a94d8573775ed80499d7f392e4ee6698774,ア・イ・ウ・エ,150;193;246;268,4,"choiceA-D,choiceE,correct,explain*,imageUrl,choiceImageUrl,source_ref",approved_label_only_patch
R3btakken-044,count,https://www.retio.or.jp/wp-content/uploads/2024/12/R3-question_002.pdf,88beed8b5280e76b35b57c2894ed3be35453ccf3dfc76dbc2d8f6ff195b74e45,25,RETIO_official_question_pdf,https://takken-siken.com/kakomon/2021-2/44.html,d8d0d42289a0318d0a037a97aed00b7fe54580d66baa54a1038be0f3da5b691f,723656a82c3ccc91b7f162c5afb715b6df380017c55a7a05a78d3606d47b17e4,f4b884e411b052d693b5319091eea44152b481489ac9b4f141beb060e741d27b,ア・イ・ウ,89;213;316,3,"choiceA-D,choiceE,correct,explain*,imageUrl,choiceImageUrl,source_ref",approved_label_only_patch
R4takken-009,count,https://www.retio.or.jp/wp-content/uploads/2024/10/R4-q_a.pdf,44baadbfaf0c5b3a872f107a4bc476d9c5a6516b3a6a0ca68678220c2271cf50,7,RETIO_official_question_pdf,https://takken-siken.com/kakomon/2022/09.html,6e5f30ef1062fe520d37827e31269d501df3738b7bbf722738c8fd550abc24d3,4cbfaecac00466ac0f0722448a1709f454da5930dbc7f56bb386629dd3ccb8bd,07d457a3c5fd239ceb69b59dced8219ae09c61efbab3cb656292df4cf758f5a1,ア・イ・ウ・エ,37;113;162;206,4,"choiceA-D,choiceE,correct,explain*,imageUrl,choiceImageUrl,source_ref",approved_label_only_patch
R4takken-030,count,https://www.retio.or.jp/wp-content/uploads/2024/10/R4-q_a.pdf,44baadbfaf0c5b3a872f107a4bc476d9c5a6516b3a6a0ca68678220c2271cf50,17,RETIO_official_question_pdf,https://takken-siken.com/kakomon/2022/30.html,08379292752679981b6718a734f9ecf3daf13604aff73fb27b52c0ecc5c92843,5d868d677b2a65ea4f676057496746111f71ed56cdad39987169ed4ecfd195a6,9549225783c5db4f44f89cf84d3d2c2d2420be9dac7aafb63ba1492eb26182e0,ア・イ・ウ・エ,75;165;243;309,4,"choiceA-D,choiceE,correct,explain*,imageUrl,choiceImageUrl,source_ref",approved_label_only_patch
R4takken-033,count,https://www.retio.or.jp/wp-content/uploads/2024/10/R4-q_a.pdf,44baadbfaf0c5b3a872f107a4bc476d9c5a6516b3a6a0ca68678220c2271cf50,18,RETIO_official_question_pdf,https://takken-siken.com/kakomon/2022/33.html,bb602ff97c3c8e21aea3d447addc7ace70bf2004c59d7b2e2c6eb0d8a9da6f38,dafe3c5b0c6160d578b33c7a058de0e3b6721ed3d635a863c41129baa2bc84cf,8386e23ad44a49e10d0bb158fbbf7e4003f46e222f46a58993d0b0c120b97246,ア・イ・ウ・エ,48;116;195;308,4,"choiceA-D,choiceE,correct,explain*,imageUrl,choiceImageUrl,source_ref",approved_label_only_patch
R4takken-037,count,https://www.retio.or.jp/wp-content/uploads/2024/10/R4-q_a.pdf,44baadbfaf0c5b3a872f107a4bc476d9c5a6516b3a6a0ca68678220c2271cf50,20,RETIO_official_question_pdf,https://takken-siken.com/kakomon/2022/37.html,87e855f65072e4f0388df76210cb9c4e530e26412e45d3d50b316135a0397f0a,37c6562ba13543872c9e157808c446f4093ce6b5c1f59777efce89116d156d96,f44f5dade2657a36757bb4fb7c8c3a259a44db9e8648916c439428ad69a5a184,ア・イ・ウ,81;211;330,3,"choiceA-D,choiceE,correct,explain*,imageUrl,choiceImageUrl,source_ref",approved_label_only_patch
R4takken-040,count,https://www.retio.or.jp/wp-content/uploads/2024/10/R4-q_a.pdf,44baadbfaf0c5b3a872f107a4bc476d9c5a6516b3a6a0ca68678220c2271cf50,22,RETIO_official_question_pdf,https://takken-siken.com/kakomon/2022/40.html,98ecfa8fd72295063b28cf28cc09dab640713d185ffd9082d93f54fc49ae1e4f,3baae4d2807d9db0d3a542e1c658839f119f8db61c23572f5bedb4d2350fec10,fcf3add8f3add0b8e17c8532e0e81271dacbd883b661fd4292762f8a9d774762,ア・イ・ウ・エ,124;275;384;514,4,"choiceA-D,choiceE,correct,explain*,imageUrl,choiceImageUrl,source_ref",approved_label_only_patch
R4takken-041,count,https://www.retio.or.jp/wp-content/uploads/2024/10/R4-q_a.pdf,44baadbfaf0c5b3a872f107a4bc476d9c5a6516b3a6a0ca68678220c2271cf50,23,RETIO_official_question_pdf,https://takken-siken.com/kakomon/2022/41.html,b3fb5108daa11e2d93be2d72892d7d37173596f3607fb41f9756cf995935ead0,e9ca7d5baa4931e6e7349aea232394fc520942c1f72a4f739eaf49de7c0a2c2f,cdec362f9d58dadf2459f23a574bf6354cfefe08cf208a7d80d45dcb85a15274,ア・イ・ウ・エ,82;211;332;448,4,"choiceA-D,choiceE,correct,explain*,imageUrl,choiceImageUrl,source_ref",approved_label_only_patch
